voltage,diameter
4104,3.06928
4496,2.99112
4981,2.77846
5516,2.73106
6002,2.4892
6510,2.39168
7058,2.32656
7545,2.21622
8073,2.13242
